-- accounts: тестовый админ
insert into accounts (email, password_hash, full_name, role, is_active)
values ('admin@test', '$2b$10$LMgHrIdwnkFbeO6YRKIEmeAxAH0Ck2J94IW4np4WW2JqvLoOxWnw2', 'Admin User', 'admin', true)
on conflict (email) do nothing;

-- chats: тестовый чат
-- 50 чатов с гостями
insert into chats (chat_id, username, first_name, last_name, platform) values
(100000001, 'user1', 'Алексей', 'Иванов', 'telegram'),
(100000002, 'user2', 'Мария', 'Петрова', 'telegram'),
(100000003, 'user3', 'Дмитрий', 'Сидоров', 'telegram'),
(100000004, 'user4', 'Ольга', 'Кузнецова', 'telegram'),
(100000005, 'user5', 'Игорь', 'Смирнов', 'telegram'),
(100000006, 'user6', 'Анна', 'Морозова', 'telegram'),
(100000007, 'user7', 'Сергей', 'Волков', 'telegram'),
(100000008, 'user8', 'Елена', 'Новикова', 'telegram'),
(100000009, 'user9', 'Владимир', 'Федоров', 'telegram'),
(100000010, 'user10', 'Татьяна', 'Алексеева', 'telegram'),
(100000011, 'user11', 'Павел', 'Макаров', 'telegram'),
(100000012, 'user12', 'Наталья', 'Егорова', 'telegram'),
(100000013, 'user13', 'Андрей', 'Соловьев', 'telegram'),
(100000014, 'user14', 'Светлана', 'Борисова', 'telegram'),
(100000015, 'user15', 'Виктор', 'Захаров', 'telegram'),
(100000016, 'user16', 'Юлия', 'Беляева', 'telegram'),
(100000017, 'user17', 'Роман', 'Комаров', 'telegram'),
(100000018, 'user18', 'Ксения', 'Орлова', 'telegram'),
(100000019, 'user19', 'Григорий', 'Васильев', 'telegram'),
(100000020, 'user20', 'Дарья', 'Киселева', 'telegram'),
(100000021, 'user21', 'Евгений', 'Громов', 'telegram'),
(100000022, 'user22', 'Алина', 'Крылова', 'telegram'),
(100000023, 'user23', 'Михаил', 'Титов', 'telegram'),
(100000024, 'user24', 'Полина', 'Медведева', 'telegram'),
(100000025, 'user25', 'Вадим', 'Филиппов', 'telegram'),
(100000026, 'user26', 'Инна', 'Сафонова', 'telegram'),
(100000027, 'user27', 'Константин', 'Гаврилов', 'telegram'),
(100000028, 'user28', 'Алёна', 'Денисова', 'telegram'),
(100000029, 'user29', 'Максим', 'Куликов', 'telegram'),
(100000030, 'user30', 'Вера', 'Жукова', 'telegram'),
(100000031, 'user31', 'Аркадий', 'Николаев', 'telegram'),
(100000032, 'user32', 'Яна', 'Герасимова', 'telegram'),
(100000033, 'user33', 'Борис', 'Родионов', 'telegram'),
(100000034, 'user34', 'Екатерина', 'Королева', 'telegram'),
(100000035, 'user35', 'Олег', 'Мельников', 'telegram'),
(100000036, 'user36', 'Нина', 'Кондратьева', 'telegram'),
(100000037, 'user37', 'Артем', 'Беляков', 'telegram'),
(100000038, 'user38', 'Валентина', 'Тимофеева', 'telegram'),
(100000039, 'user39', 'Станислав', 'Сергеев', 'telegram'),
(100000040, 'user40', 'Людмила', 'Кудрявцева', 'telegram'),
(100000041, 'user41', 'Валерий', 'Афанасьев', 'telegram'),
(100000042, 'user42', 'Кристина', 'Фокина', 'telegram'),
(100000043, 'user43', 'Руслан', 'Панфилов', 'telegram'),
(100000044, 'user44', 'Лидия', 'Соловьева', 'telegram'),
(100000045, 'user45', 'Денис', 'Гусев', 'telegram'),
(100000046, 'user46', 'Ирина', 'Щербакова', 'telegram'),
(100000047, 'user47', 'Василий', 'Горшков', 'telegram'),
(100000048, 'user48', 'Оксана', 'Чернова', 'telegram'),
(100000049, 'user49', 'Артемий', 'Савельев', 'telegram'),
(100000050, 'user50', 'Маргарита', 'Фомина', 'telegram')
on conflict (chat_id) do nothing;


-- messages: тестовое сообщение
insert into messages (chat_id, from_me, text) values
(100000001, false, 'Сообщение от user1'),
(100000002, false, 'Сообщение от user2'),
(100000003, false, 'Сообщение от user3'),
(100000004, false, 'Сообщение от user4'),
(100000005, false, 'Сообщение от user5'),
(100000006, false, 'Сообщение от user6'),
(100000007, false, 'Сообщение от user7'),
(100000008, false, 'Сообщение от user8'),
(100000009, false, 'Сообщение от user9'),
(100000010, false, 'Сообщение от user10'),
(100000011, false, 'Сообщение от user11'),
(100000012, false, 'Сообщение от user12'),
(100000013, false, 'Сообщение от user13'),
(100000014, false, 'Сообщение от user14'),
(100000015, false, 'Сообщение от user15'),
(100000016, false, 'Сообщение от user16'),
(100000017, false, 'Сообщение от user17'),
(100000018, false, 'Сообщение от user18'),
(100000019, false, 'Сообщение от user19'),
(100000020, false, 'Сообщение от user20'),
(100000021, false, 'Сообщение от user21'),
(100000022, false, 'Сообщение от user22'),
(100000023, false, 'Сообщение от user23'),
(100000024, false, 'Сообщение от user24'),
(100000025, false, 'Сообщение от user25'),
(100000026, false, 'Сообщение от user26'),
(100000027, false, 'Сообщение от user27'),
(100000028, false, 'Сообщение от user28'),
(100000029, false, 'Сообщение от user29'),
(100000030, false, 'Сообщение от user30'),
(100000031, false, 'Сообщение от user31'),
(100000032, false, 'Сообщение от user32'),
(100000033, false, 'Сообщение от user33'),
(100000034, false, 'Сообщение от user34'),
(100000035, false, 'Сообщение от user35'),
(100000036, false, 'Сообщение от user36'),
(100000037, false, 'Сообщение от user37'),
(100000038, false, 'Сообщение от user38'),
(100000039, false, 'Сообщение от user39'),
(100000040, false, 'Сообщение от user40'),
(100000041, false, 'Сообщение от user41'),
(100000042, false, 'Сообщение от user42'),
(100000043, false, 'Сообщение от user43'),
(100000044, false, 'Сообщение от user44'),
(100000045, false, 'Сообщение от user45'),
(100000046, false, 'Сообщение от user46'),
(100000047, false, 'Сообщение от user47'),
(100000048, false, 'Сообщение от user48'),
(100000049, false, 'Сообщение от user49'),
(100000050, false, 'Сообщение от user50');

-- orders: тестовый заказ
insert into orders (tg_username, name, phone, order_type, date, time, address, items, total, comment, platform) values
('user1', 'Имя1 Фамилия1', '+79990000001', 'pickup', '2025-09-16', '18:00', 'ул. Примерная, д.1', 'Блюдо 1', 510, 'Комментарий 1', 'telegram'),
('user2', 'Имя2 Фамилия2', '+79990000002', 'delivery', '2025-09-17', '19:00', 'ул. Примерная, д.2', 'Блюдо 2', 520, 'Комментарий 2', 'telegram'),
('user3', 'Имя3 Фамилия3', '+79990000003', 'pickup', '2025-09-18', '20:00', 'ул. Примерная, д.3', 'Блюдо 3', 530, 'Комментарий 3', 'telegram'),
('user4', 'Имя4 Фамилия4', '+79990000004', 'delivery', '2025-09-19', '21:00', 'ул. Примерная, д.4', 'Блюдо 4', 540, 'Комментарий 4', 'telegram'),
('user5', 'Имя5 Фамилия5', '+79990000005', 'pickup', '2025-09-20', '17:00', 'ул. Примерная, д.5', 'Блюдо 5', 550, 'Комментарий 5', 'telegram'),
('user6', 'Имя6 Фамилия6', '+79990000006', 'delivery', '2025-09-21', '18:00', 'ул. Примерная, д.6', 'Блюдо 6', 560, 'Комментарий 6', 'telegram'),
('user7', 'Имя7 Фамилия7', '+79990000007', 'pickup', '2025-09-22', '19:00', 'ул. Примерная, д.7', 'Блюдо 7', 570, 'Комментарий 7', 'telegram'),
('user8', 'Имя8 Фамилия8', '+79990000008', 'delivery', '2025-09-23', '20:00', 'ул. Примерная, д.8', 'Блюдо 8', 580, 'Комментарий 8', 'telegram'),
('user9', 'Имя9 Фамилия9', '+79990000009', 'pickup', '2025-09-24', '21:00', 'ул. Примерная, д.9', 'Блюдо 9', 590, 'Комментарий 9', 'telegram'),
('user10', 'Имя10 Фамилия10', '+79990000010', 'delivery', '2025-09-15', '17:00', 'ул. Примерная, д.10', 'Блюдо 10', 600, 'Комментарий 10', 'telegram'),
('user11', 'Имя11 Фамилия11', '+79990000011', 'pickup', '2025-09-16', '18:00', 'ул. Примерная, д.11', 'Блюдо 11', 610, 'Комментарий 11', 'telegram'),
('user12', 'Имя12 Фамилия12', '+79990000012', 'delivery', '2025-09-17', '19:00', 'ул. Примерная, д.12', 'Блюдо 12', 620, 'Комментарий 12', 'telegram'),
('user13', 'Имя13 Фамилия13', '+79990000013', 'pickup', '2025-09-18', '20:00', 'ул. Примерная, д.13', 'Блюдо 13', 630, 'Комментарий 13', 'telegram'),
('user14', 'Имя14 Фамилия14', '+79990000014', 'delivery', '2025-09-19', '21:00', 'ул. Примерная, д.14', 'Блюдо 14', 640, 'Комментарий 14', 'telegram'),
('user15', 'Имя15 Фамилия15', '+79990000015', 'pickup', '2025-09-20', '17:00', 'ул. Примерная, д.15', 'Блюдо 15', 650, 'Комментарий 15', 'telegram'),
('user16', 'Имя16 Фамилия16', '+79990000016', 'delivery', '2025-09-21', '18:00', 'ул. Примерная, д.16', 'Блюдо 16', 660, 'Комментарий 16', 'telegram'),
('user17', 'Имя17 Фамилия17', '+79990000017', 'pickup', '2025-09-22', '19:00', 'ул. Примерная, д.17', 'Блюдо 17', 670, 'Комментарий 17', 'telegram'),
('user18', 'Имя18 Фамилия18', '+79990000018', 'delivery', '2025-09-23', '20:00', 'ул. Примерная, д.18', 'Блюдо 18', 680, 'Комментарий 18', 'telegram'),
('user19', 'Имя19 Фамилия19', '+79990000019', 'pickup', '2025-09-24', '21:00', 'ул. Примерная, д.19', 'Блюдо 19', 690, 'Комментарий 19', 'telegram'),
('user20', 'Имя20 Фамилия20', '+79990000020', 'delivery', '2025-09-15', '17:00', 'ул. Примерная, д.20', 'Блюдо 20', 700, 'Комментарий 20', 'telegram'),
('user21', 'Имя21 Фамилия21', '+79990000021', 'pickup', '2025-09-16', '18:00', 'ул. Примерная, д.21', 'Блюдо 21', 710, 'Комментарий 21', 'telegram'),
('user22', 'Имя22 Фамилия22', '+79990000022', 'delivery', '2025-09-17', '19:00', 'ул. Примерная, д.22', 'Блюдо 22', 720, 'Комментарий 22', 'telegram'),
('user23', 'Имя23 Фамилия23', '+79990000023', 'pickup', '2025-09-18', '20:00', 'ул. Примерная, д.23', 'Блюдо 23', 730, 'Комментарий 23', 'telegram'),
('user24', 'Имя24 Фамилия24', '+79990000024', 'delivery', '2025-09-19', '21:00', 'ул. Примерная, д.24', 'Блюдо 24', 740, 'Комментарий 24', 'telegram'),
('user25', 'Имя25 Фамилия25', '+79990000025', 'pickup', '2025-09-20', '17:00', 'ул. Примерная, д.25', 'Блюдо 25', 750, 'Комментарий 25', 'telegram'),
('user26', 'Имя26 Фамилия26', '+79990000026', 'delivery', '2025-09-21', '18:00', 'ул. Примерная, д.26', 'Блюдо 26', 760, 'Комментарий 26', 'telegram'),
('user27', 'Имя27 Фамилия27', '+79990000027', 'pickup', '2025-09-22', '19:00', 'ул. Примерная, д.27', 'Блюдо 27', 770, 'Комментарий 27', 'telegram'),
('user28', 'Имя28 Фамилия28', '+79990000028', 'delivery', '2025-09-23', '20:00', 'ул. Примерная, д.28', 'Блюдо 28', 780, 'Комментарий 28', 'telegram'),
('user29', 'Имя29 Фамилия29', '+79990000029', 'pickup', '2025-09-24', '21:00', 'ул. Примерная, д.29', 'Блюдо 29', 790, 'Комментарий 29', 'telegram'),
('user30', 'Имя30 Фамилия30', '+79990000030', 'delivery', '2025-09-15', '17:00', 'ул. Примерная, д.30', 'Блюдо 30', 800, 'Комментарий 30', 'telegram');

-- reservations: тестовая бронь
insert into reservations (tg_username, name, phone, address, date, time, guests, comment, platform) values
('user1', 'Имя1 Фамилия1', '+79995550001', 'ул. Бронирования, д.1', '2025-09-17', '19:30', 3, 'Комментарий к брони 1', 'telegram'),
('user2', 'Имя2 Фамилия2', '+79995550002', 'ул. Бронирования, д.2', '2025-09-18', '20:30', 4, 'Комментарий к брони 2', 'telegram'),
('user3', 'Имя3 Фамилия3', '+79995550003', 'ул. Бронирования, д.3', '2025-09-19', '21:30', 5, 'Комментарий к брони 3', 'telegram'),
('user4', 'Имя4 Фамилия4', '+79995550004', 'ул. Бронирования, д.4', '2025-09-20', '18:30', 6, 'Комментарий к брони 4', 'telegram'),
('user5', 'Имя5 Фамилия5', '+79995550005', 'ул. Бронирования, д.5', '2025-09-21', '19:30', 2, 'Комментарий к брони 5', 'telegram'),
('user6', 'Имя6 Фамилия6', '+79995550006', 'ул. Бронирования, д.6', '2025-09-22', '20:30', 3, 'Комментарий к брони 6', 'telegram'),
('user7', 'Имя7 Фамилия7', '+79995550007', 'ул. Бронирования, д.7', '2025-09-23', '21:30', 4, 'Комментарий к брони 7', 'telegram'),
('user8', 'Имя8 Фамилия8', '+79995550008', 'ул. Бронирования, д.8', '2025-09-24', '18:30', 5, 'Комментарий к брони 8', 'telegram'),
('user9', 'Имя9 Фамилия9', '+79995550009', 'ул. Бронирования, д.9', '2025-09-25', '19:30', 6, 'Комментарий к брони 9', 'telegram'),
('user10', 'Имя10 Фамилия10', '+79995550010', 'ул. Бронирования, д.10', '2025-09-16', '20:30', 2, 'Комментарий к брони 10', 'telegram'),
('user11', 'Имя11 Фамилия11', '+79995550011', 'ул. Бронирования, д.11', '2025-09-17', '21:30', 3, 'Комментарий к брони 11', 'telegram'),
('user12', 'Имя12 Фамилия12', '+79995550012', 'ул. Бронирования, д.12', '2025-09-18', '18:30', 4, 'Комментарий к брони 12', 'telegram'),
('user13', 'Имя13 Фамилия13', '+79995550013', 'ул. Бронирования, д.13', '2025-09-19', '19:30', 5, 'Комментарий к брони 13', 'telegram'),
('user14', 'Имя14 Фамилия14', '+79995550014', 'ул. Бронирования, д.14', '2025-09-20', '20:30', 6, 'Комментарий к брони 14', 'telegram'),
('user15', 'Имя15 Фамилия15', '+79995550015', 'ул. Бронирования, д.15', '2025-09-21', '21:30', 2, 'Комментарий к брони 15', 'telegram'),
('user16', 'Имя16 Фамилия16', '+79995550016', 'ул. Бронирования, д.16', '2025-09-22', '18:30', 3, 'Комментарий к брони 16', 'telegram'),
('user17', 'Имя17 Фамилия17', '+79995550017', 'ул. Бронирования, д.17', '2025-09-23', '19:30', 4, 'Комментарий к брони 17', 'telegram'),
('user18', 'Имя18 Фамилия18', '+79995550018', 'ул. Бронирования, д.18', '2025-09-24', '20:30', 5, 'Комментарий к брони 18', 'telegram'),
('user19', 'Имя19 Фамилия19', '+79995550019', 'ул. Бронирования, д.19', '2025-09-25', '21:30', 6, 'Комментарий к брони 19', 'telegram'),
('user20', 'Имя20 Фамилия20', '+79995550020', 'ул. Бронирования, д.20', '2025-09-16', '18:30', 2, 'Комментарий к брони 20', 'telegram'),
('user21', 'Имя21 Фамилия21', '+79995550021', 'ул. Бронирования, д.21', '2025-09-17', '19:30', 3, 'Комментарий к брони 21', 'telegram'),
('user22', 'Имя22 Фамилия22', '+79995550022', 'ул. Бронирования, д.22', '2025-09-18', '20:30', 4, 'Комментарий к брони 22', 'telegram');